policy_id,family,lookback,range_minutes,shock_z,gap_bps,volume_z,response_max,target_close_fraction,stop_window,stop_buffer_atr,m18_trades,m18_total_return,m18_geometric_daily_growth,m18_max_drawdown,m18_profit_factor,m18_win_rate,m18_median_trade,m18_h1_return,m18_h2_return,m18_q1_return,m18_q2_return,m18_q3_return,m18_q4_return,m18_positive_quarters,m18_top10_removed_return,m18_top5_positive_share,m18_terminal_exits,m18_bankrupt,m18_max_required_leverage,m18_final_nav,m18_calendar_days
0eca7478b8c7d708,CONTINUATION,1,60,2.0,30.0,0.0,0.25,0.5,30,0.1,211,-0.38026702177755933,-0.0013100085147543794,0.3802670217775592,0.07524254352594237,0.11374407582938388,-0.002313747682926176,-0.18089727249224585,-0.24340017752343057,-0.07121312981357564,-0.11809398495981605,-0.16779336930406497,-0.09085100434268245,0,-0.4038170802354505,0.5605843057878093,0,False,3.909438372607124,6197.329782224407,365
5827469ec170ce8a,CONTINUATION,1,60,2.0,30.0,0.0,0.5,0.5,30,0.1,250,-0.41974841476649005,-0.0014901037648262783,0.4197484147664903,0.08248615024120762,0.12,-0.002223372829208758,-0.2091937090557694,-0.2662532002107827,-0.08536707279493527,-0.13538396943484587,-0.1818468780256266,-0.10316690105816151,0,-0.44693440042130483,0.4496782784562154,0,False,3.909438372607124,5802.515852335099,365
dd41aeefc0b96dde,CONTINUATION,1,60,2.0,30.0,1.0,0.25,0.5,30,0.1,97,-0.17335527862409783,-0.0005214537917614948,0.17335527862409764,0.10494461140831354,0.13402061855670103,-0.002228239613680594,-0.09167874631560224,-0.08992031396071976,-0.04587034422046854,-0.04801066796074782,-0.06118416992473119,-0.030608925750308935,0,-0.19133555428384752,0.7644636697505717,0,False,2.9962769533067926,8266.447213759022,365
a3ebd8c30ac23766,CONTINUATION,1,60,2.0,30.0,1.0,0.5,0.5,30,0.1,113,-0.19100031785102245,-0.000580534862247073,0.19100031785102184,0.1323451668237449,0.168141592920354,-0.002158805095437803,-0.10859839859554132,-0.09244084722941004,-0.056179364483188166,-0.05553919054084877,-0.06292293960091688,-0.03149997889813039,0,-0.21438690320247522,0.5728804646487061,0,False,2.9962769533067926,8089.996821489775,365
a36c4858d8a544a0,CONTINUATION,1,60,2.0,60.0,0.0,0.25,0.5,30,0.1,27,-0.05317476970838053,-0.00014968949057192482,0.0531747697083807,0.20046387712761926,0.14814814814814814,-0.0022383966786728867,-0.04605244642588491,-0.0074661581297743584,-0.03582109088465668,-0.01061146997149709,0.0006492277749581277,-0.008110120589187808,1,-0.06538081169805321,1.0,0,False,3.909438372607124,9468.252302916195,365
1d884e7fc39fadb5,CONTINUATION,1,60,2.0,60.0,0.0,0.5,0.5,30,0.1,29,-0.06289160003428729,-0.00017794667274817488,0.06289160003428697,0.1741789633593327,0.13793103448275862,-0.0022486029147754825,-0.05584236986829094,-0.0074661581297743584,-0.045716014006641936,-0.01061146997149709,0.0006492277749581277,-0.008110120589187808,1,-0.07497237704878801,1.0,0,False,3.909438372607124,9371.083999657127,365
11ef8e3cbba182c1,CONTINUATION,1,60,2.0,60.0,1.0,0.25,0.5,30,0.1,15,-0.02786405212509868,-7.742061994564509e-05,0.02786405212509944,0.20479644605250247,0.13333333333333333,-0.0022486029147754825,-0.027864052125098793,0.0,-0.023691150294532504,-0.004274161636274365,0.0,0.0,0,-0.034879138423032696,1.0,0,False,2.233985043697646,9721.359478749013,365
b5f81d2a2c2b2adc,CONTINUATION,1,60,2.0,60.0,1.0,0.5,0.5,30,0.1,17,-0.03784063466325682,-0.00010567984454223911,0.03784063466325697,0.15874864504690112,0.11764705882352941,-0.0023965986772634756,-0.03784063466325682,0.0,-0.0337105573981511,-0.004274161636274365,0.0,0.0,0,-0.04478372836836808,1.0,0,False,2.233985043697646,9621.593653367432,365
3f782d7e7bc5de54,CONTINUATION,1,60,3.0,30.0,0.0,0.25,0.5,30,0.1,50,-0.08187143325726598,-0.00023399411841951157,0.08187143325726592,0.18794772053514516,0.16,-0.0019995792854250456,-0.05118916502578974,-0.03233760313488643,-0.02266714831835981,-0.02918352397379631,-0.009723611540750188,-0.022836040379919487,0,-0.09822897099003158,0.9136862608982516,0,False,3.082123861894979,9181.28566742734,365
1ac1cb4fe077af89,CONTINUATION,1,60,3.0,30.0,0.0,0.5,0.5,30,0.1,74,-0.1290942195665038,-0.0003786172981415925,0.12909421956650421,0.14410066634895488,0.13513513513513514,-0.002071901551131494,-0.08002084791501274,-0.05334183012764371,-0.038235173562639946,-0.04344687308555295,-0.0250031596425786,-0.029065397252648117,0,-0.14848848389320535,0.840012141150164,0,False,3.082123861894979,8709.057804334961,365
486aea46a449a24a,CONTINUATION,1,60,3.0,30.0,1.0,0.25,0.5,30,0.1,29,-0.04358532884222299,-0.0001220848854849299,0.04358600296895511,0.21627661076615698,0.1724137931034483,-0.0020672126517932684,-0.02873739394233188,-0.015287250643941097,-0.017847703288210726,-0.01108757846474473,-0.01008063953951821,-0.005259631554231703,0,-0.05407866031449837,1.0,0,False,2.82051980602627,9564.14671157777,365
3ef976471c401d10,CONTINUATION,1,60,3.0,30.0,1.0,0.5,0.5,30,0.1,40,-0.06639930725297849,-0.0001882191502873276,0.06639996529932923,0.18703063979703424,0.175,-0.0019665815887757706,-0.04711175527271827,-0.020241147990843755,-0.029140155989010652,-0.01851101309274472,-0.014154552510256435,-0.0061739854822939755,0,-0.07912530296567755,0.9492169545209804,0,False,2.82051980602627,9336.006927470215,365
8e858f341a02c51e,CONTINUATION,1,60,3.0,60.0,0.0,0.25,0.5,30,0.1,11,-0.010875829616603161,-2.995956158968749e-05,0.016978266945135156,0.5232425561110654,0.2727272727272727,-0.0014581590907029704,-0.0034353201301469127,-0.0074661581297743584,0.00020525398880999468,-0.003639827029940479,0.0006492277749581277,-0.008110120589187808,2,-0.021928857657220746,1.0,0,False,1.6362423999082352,9891.241703833968,365
3facc7fbd9fdd60e,CONTINUATION,1,60,3.0,60.0,0.0,0.5,0.5,30,0.1,13,-0.021026754441355155,-5.8220127502783825e-05,0.021026754441355298,0.36051411277796797,0.23076923076923078,-0.0021848538036732426,-0.01366260346954884,-0.0074661581297743584,-0.010059390882447006,-0.003639827029940479,0.0006492277749581277,-0.008110120589187808,1,-0.03196635035677986,1.0,0,False,1.6362423999082352,9789.732455586449,365
d24fa993915418e2,CONTINUATION,1,60,3.0,60.0,1.0,0.25,0.5,30,0.1,5,-0.0055125609038146894,-1.5144573371150827e-05,0.007407670604103777,0.5010879139764759,0.2,-0.0022486029147754825,-0.0055125609038146894,0.0,-0.0055125609038146894,0.0,0.0,0.0,0,-0.01097160029271671,1.0,0,False,1.6362423999082352,9944.874390961853,365
84153b1b5a94789e,CONTINUATION,1,60,3.0,60.0,1.0,0.5,0.5,30,0.1,7,-0.015718526479918782,-4.3405557976661235e-05,0.015718526479918726,0.2591766534846032,0.14285714285714285,-0.0023965986772634756,-0.015718526479918782,0.0,-0.015718526479918782,0.0,0.0,0.0,0,-0.02112154226722318,1.0,0,False,1.6362423999082352,9842.814735200813,365
9aeb075900adb4d3,CONTINUATION,1,240,2.0,30.0,0.0,0.25,0.5,30,0.1,116,-0.18928932212694605,-0.000574749934786678,0.18928932212694527,0.12300297309115178,0.16379310344827586,-0.0019637746314883674,-0.07248483818835838,-0.12593269495502668,-0.030444375685717562,-0.04336054729441019,-0.06653279530602463,-0.06363362242434167,0,-0.21025304022369684,0.5666658112744722,0,False,3.909438372607124,8107.106778730539,365
52f75a6d93e4675c,CONTINUATION,1,240,2.0,30.0,0.0,0.5,0.5,30,0.1,145,-0.2143758103715414,-0.000660813706490404,0.21437581037154005,0.1411030585896436,0.1793103448275862,-0.0018659505257582723,-0.07278354638800644,-0.1527068069510189,-0.030979727826042414,-0.043140293100554894,-0.07668414126552592,-0.08233657525355631,0,-0.23972946117241856,0.42456530373762924,0,False,3.909438372607124,7856.241896284586,365
e723a42b73287347,CONTINUATION,1,240,2.0,30.0,1.0,0.25,0.5,30,0.1,59,-0.11448803036844324,-0.00033306590337023323,0.1144880303684431,0.0685303899089542,0.11864406779661017,-0.002267001345616642,-0.051464149502817746,-0.06644333035234373,-0.026881757445240018,-0.025261464622264973,-0.03882211440211636,-0.02873684087420103,0,-0.12235009404924713,0.9486980054849251,0,False,2.9962769533067926,8855.119696315567,365
b874de01cdab7f03,CONTINUATION,1,240,2.0,30.0,1.0,0.5,0.5,30,0.1,73,-0.11726900527722373,-0.0003416807207774486,0.11726900527722355,0.13311215069969104,0.1917808219178082,-0.0019795092779881533,-0.048283592757349614,-0.07248526136030509,-0.02552022052819114,-0.023359512130150972,-0.04060230057639913,-0.03323226728921802,0,-0.13076280339686264,0.6043382890185826,0,False,2.9962769533067926,8827.309947227763,365
0e92a85802942930,CONTINUATION,1,240,2.0,60.0,0.0,0.25,0.5,30,0.1,11,-0.029533349443221613,-8.212879195801381e-05,0.029533349443221415,0.16138270570937238,0.09090909090909091,-0.002407769605693429,-0.021598394437454482,-0.008110120589187808,-0.017606406776908834,-0.0040635318553416955,0.0,-0.008110120589187808,0,-0.03508115940044798,1.0,0,False,3.909438372607124,9704.666505567784,365
55dce4653b96b76e,CONTINUATION,1,240,2.0,60.0,0.0,0.5,0.5,30,0.1,12,-0.027750128329120383,-7.709959736690308e-05,0.02821991289555528,0.21295907717595317,0.16666666666666666,-0.002328186260234456,-0.01980059293638403,-0.008110120589187808,-0.015801270045225912,-0.0040635318553416955,0.0,-0.008110120589187808,0,-0.03508115940044798,1.0,0,False,3.909438372607124,9722.498716708797,365
983b2c31133ecdb3,CONTINUATION,1,240,2.0,60.0,1.0,0.25,0.5,30,0.1,6,-0.01721430027639148,-4.7571988928685194e-05,0.017214300276391623,0.0,0.0,-0.002945119689712696,-0.01721430027639148,0.0,-0.015360429088198124,-0.0018827916762238495,0.0,0.0,0,-0.01721430027639148,,0,False,1.7104333609187696,9827.856997236086,365
a3abaf231f01b837,CONTINUATION,1,240,2.0,60.0,1.0,0.5,0.5,30,0.1,7,-0.015408443053602228,-4.2542620530494624e-05,0.015408443053602604,0.10598356469459919,0.14285714285714285,-0.002407769605693429,-0.015408443053602228,0.0,-0.013551165398794418,-0.0018827916762238495,0.0,0.0,0,-0.01721430027639148,1.0,0,False,1.7104333609187696,9845.915569463978,365
a09f4ffdd3740d35,CONTINUATION,1,240,3.0,30.0,0.0,0.25,0.5,30,0.1,36,-0.061463554141882426,-0.00017377555558195645,0.06146355414188202,0.1361930636998559,0.16666666666666666,-0.0018989482224075474,-0.03137374788222147,-0.031064413331636787,-0.015726046617480005,-0.01589770938361934,-0.0124270209688907,-0.018871914034171877,0,-0.07031085760170919,0.9999293751933056,0,False,3.082123861894979,9385.364458581176,365
21754b586434419e,CONTINUATION,1,240,3.0,30.0,0.0,0.5,0.5,30,0.1,54,-0.08737172664147386,-0.00025045254895128544,0.08737172664147365,0.1303833863733349,0.16666666666666666,-0.0018825642756755382,-0.035254867577357185,-0.054021375503851554,-0.016958724021988614,-0.018611775519971063,-0.023275615902096924,-0.03147843967277553,0,-0.09859128713514387,0.8288049003005807,0,False,3.082123861894979,9126.282733585262,365
3e2f585b16a23b5d,CONTINUATION,1,240,3.0,30.0,1.0,0.25,0.5,30,0.1,21,-0.038994487888153184,-0.0001089670331270165,0.03899516525072941,0.06341943106184572,0.14285714285714285,-0.0018659505257582723,-0.024362990412732155,-0.014996865977450646,-0.018715726530765142,-0.005754972371055822,-0.012625187884747868,-0.002402003842514433,0,-0.04157362585484825,1.0,0,False,1.8662314082931712,9610.055121118468,365
8986f038062c42dc,CONTINUATION,1,240,3.0,30.0,1.0,0.5,0.5,30,0.1,30,-0.04770789910682538,-0.00013391832689024774,0.04770857032777367,0.11577976150424833,0.2,-0.0017242412824673408,-0.024699781350588035,-0.023590805493818867,-0.018031210573144052,-0.006791021109068263,-0.016688629024221524,-0.007019319285149761,0,-0.05200491255854356,0.9998896928288443,0,False,1.8982229402261852,9522.921008931746,365
8ea19b674408f44b,CONTINUATION,1,240,3.0,60.0,0.0,0.25,0.5,30,0.1,7,-0.01407775698667535,-3.884250185826055e-05,0.016181493987884866,0.2893722412929037,0.14285714285714285,-0.0022486029147754825,-0.0060164303733318825,-0.008110120589187808,-0.0038399663347110646,-0.002184853803673281,0.0,-0.008110120589187808,0,-0.019713921025596548,1.0,0,False,1.6362423999082352,9859.222430133246,365
0d1cafb1b0670e9a,CONTINUATION,1,240,3.0,60.0,0.0,0.5,0.5,30,0.1,8,-0.012266136402295014,-3.3813089554191045e-05,0.016181493987884814,0.38185284597378727,0.25,-0.0022167283592243623,-0.004189997195632067,-0.008110120589187808,-0.002009533929809071,-0.002184853803673281,0.0,-0.008110120589187808,0,-0.017912656826683637,1.0,0,False,1.6362423999082352,9877.33863597705,365
64846bbfec3cebc2,CONTINUATION,1,240,3.0,60.0,1.0,0.25,0.5,30,0.1,3,-0.009534656152839882,-2.6247332244100363e-05,0.00953465615283967,0.0,0.0,-0.003590527130893607,-0.009534656152839771,0.0,-0.009534656152839771,0.0,0.0,0.0,0,-0.009534656152839771,,0,False,1.6362423999082352,9904.653438471601,365
f354405a803d98e8,CONTINUATION,1,240,3.0,60.0,1.0,0.5,0.5,30,0.1,4,-0.007714687673839982,-2.1217856591260187e-05,0.007714687673839762,0.19211641437679366,0.25,-0.002919565022834545,-0.007714687673839982,0.0,-0.007714687673839982,0.0,0.0,0.0,0,-0.009534656152839771,1.0,0,False,1.6362423999082352,9922.8531232616,365
513783c4cc715bcf,CONTINUATION,3,60,2.0,30.0,0.0,0.25,0.5,30,0.1,37,-0.09996202506851404,-0.0002885017238091203,0.0999620250685135,0.014716880192146143,0.05405405405405406,-0.0026810543957589187,-0.06347803585150902,-0.03895689648899714,-0.039621592200857925,-0.024840670569970302,-0.010924164412352777,-0.028342348552059193,0,-0.1013726687807378,1.0,0,False,3.4972596652346923,9000.37974931486,365
e070ad5e955ffc93,CONTINUATION,3,60,2.0,30.0,0.0,0.5,0.5,30,0.1,94,-0.1804354861093641,-0.0005450080330237084,0.1804354861093647,0.09088673551756045,0.13829787234042554,-0.0019478231083827902,-0.11130541895137125,-0.07778832979539696,-0.05876898725915081,-0.05581672403593596,-0.017796586546641402,-0.06107873626485261,0,-0.19588138454136383,0.7710302599999502,0,False,3.4972596652346923,8195.645138906359,365
12d05e6fe7656b32,CONTINUATION,3,60,2.0,30.0,1.0,0.25,0.5,30,0.1,13,-0.031376922861495626,-8.733789553738713e-05,0.031376922861495765,0.047034989167244336,0.15384615384615385,-0.002408293503157608,-0.022464336466350043,-0.009117402799328822,-0.022532958894388444,7.020433953530691e-05,-0.0011486933200275384,-0.00797787360942448,1,-0.03289506108603468,1.0,0,False,3.4972596652346923,9686.230771385044,365
5585fecc1dfb2c5b,CONTINUATION,3,60,2.0,30.0,1.0,0.5,0.5,30,0.1,41,-0.0800644860269698,-0.00022860867300833476,0.08006448602697001,0.09114718964069955,0.0975609756097561,-0.0018417361613274506,-0.05327266874708414,-0.028299401945467095,-0.035093320314532606,-0.01884052501168032,-0.0081215384132034,-0.020343080643149936,0,-0.0876975780254663,0.9999999999999998,0,False,3.4972596652346923,9199.355139730302,365
68c320e20d9cbacc,CONTINUATION,3,60,2.0,60.0,0.0,0.25,0.5,30,0.1,5,-0.01212023395827122,-3.340843625276868e-05,0.012120233958271274,0.0,0.0,-0.001646661492914788,-0.0054504241753547955,-0.006706362302136837,-0.00399809494313863,-0.001458159090703015,0.0,-0.006706362302136837,0,-0.012120233958271331,,0,False,0.8236250114012313,9878.797660417287,365
e0c3fbf6a0400678,CONTINUATION,3,60,2.0,60.0,0.0,0.5,0.5,30,0.1,10,-0.016125316083076213,-4.453803221549091e-05,0.016125316083075995,0.2621624803800201,0.1,-0.0011651685988303382,-0.008698261800938134,-0.0074922236045212864,-0.007250675348408175,-0.001458159090703015,-0.0007911671559739375,-0.006706362302136837,0,-0.02174977496063324,1.0,0,False,1.5931457682065684,9838.746839169238,365
d15a9ff219fcc953,CONTINUATION,3,60,2.0,60.0,1.0,0.25,0.5,30,0.1,3,-0.00399809494313863,-1.0975580019056963e-05,0.003998094943138494,0.0,0.0,-0.001646661492914788,-0.00399809494313863,0.0,-0.00399809494313863,0.0,0.0,0.0,0,-0.00399809494313863,,0,False,0.7906022748461728,9960.019050568613,365
912fa1955a33e9f6,CONTINUATION,3,60,2.0,60.0,1.0,0.5,0.5,30,0.1,7,-0.013706807999997017,-3.78119251417397e-05,0.013706807999997,0.0,0.0,-0.0008721781069577061,-0.012925867365745414,-0.0007911671559739375,-0.012925867365745414,0.0,-0.0007911671559739375,0.0,0,-0.013706807999997017,,0,False,1.5931457682065684,9862.93192000003,365
357c04b86789a131,CONTINUATION,3,60,3.0,30.0,0.0,0.25,0.5,30,0.1,3,-0.0038100365228689315,-1.0458337642238469e-05,0.0038100365228687224,0.0,0.0,-0.0014581590907029704,-0.0038100365228688204,0.0,-0.0023553118515535765,-0.001458159090703015,0.0,0.0,0,-0.0038100365228688204,,0,False,0.7906022748461728,9961.899634771311,365
6b93abd820088e71,CONTINUATION,3,60,3.0,30.0,0.0,0.5,0.5,30,0.1,10,-0.006583060146681197,-1.809524464924106e-05,0.009664630911605888,0.4663667439152365,0.1,-0.0013656491613025417,-0.002962250245188147,-0.003631567513249556,0.0006591783486422642,-0.0036190429990425876,-0.0007911671559739375,-0.002842649368091643,1,-0.012262068680806038,1.0,0,False,1.0231867562930281,9934.169398533188,365
7f6e5929755a4011,CONTINUATION,3,60,3.0,30.0,1.0,0.25,0.5,30,0.1,2,-0.0023553118515535765,-6.460499573535117e-06,0.002355311851553415,0.0,0.0,-0.0011781852762777355,-0.0023553118515535765,0.0,-0.0023553118515535765,0.0,0.0,0.0,0,-0.0023553118515535765,,0,False,0.7906022748461728,9976.446881484464,365
81d04f6d61db0933,CONTINUATION,3,60,3.0,30.0,1.0,0.5,0.5,30,0.1,7,-0.009558716759617725,-2.6313885343909327e-05,0.009558716759617709,0.0,0.0,-0.0015715108883548894,-0.007214318184506019,-0.00236143471652861,-0.005061231466829019,-0.0021640394220956427,-0.0007911671559739375,-0.0015715108883548323,0,-0.009558716759617725,,0,False,1.0231867562930281,9904.412832403823,365
831c078e9724a9cc,CONTINUATION,3,60,3.0,60.0,0.0,0.25,0.5,30,0.1,3,-0.0038100365228689315,-1.0458337642238469e-05,0.0038100365228687224,0.0,0.0,-0.0014581590907029704,-0.0038100365228688204,0.0,-0.0023553118515535765,-0.001458159090703015,0.0,0.0,0,-0.0038100365228688204,,0,False,0.7906022748461728,9961.899634771311,365
ba0b7c459c231fe5,CONTINUATION,3,60,3.0,60.0,0.0,0.5,0.5,30,0.1,6,0.0002517235725785216,6.895670747741889e-07,0.0028510486323950228,1.04958757034345,0.16666666666666666,-0.0008316726314657972,0.0010437164827536982,-0.0007911671559739375,0.0025055290333937386,-0.001458159090703015,-0.0007911671559739375,0.0,1,-0.0054663569699986425,1.0,0,False,0.7906022748461728,10002.517235725785,365
a265920b41d4f3b6,CONTINUATION,3,60,3.0,60.0,1.0,0.25,0.5,30,0.1,2,-0.0023553118515535765,-6.460499573535117e-06,0.002355311851553415,0.0,0.0,-0.0011781852762777355,-0.0023553118515535765,0.0,-0.0023553118515535765,0.0,0.0,0.0,0,-0.0023553118515535765,,0,False,0.7906022748461728,9976.446881484464,365
18718d272c33a9c4,CONTINUATION,3,60,3.0,60.0,1.0,0.5,0.5,30,0.1,4,-0.004014051004258223,-1.1019470603113035e-05,0.004014051004258181,0.0,0.0,-0.0008316726314657972,-0.0032254357070793382,-0.0007911671559739375,-0.0032254357070793382,0.0,-0.0007911671559739375,0.0,0,-0.004014051004258112,,0,False,0.7906022748461728,9959.859489957418,365
58daabac58e0a5ff,CONTINUATION,3,240,2.0,30.0,0.0,0.25,0.5,30,0.1,17,-0.036762917790178706,-0.0001026131080563708,0.03676291779017884,0.04029754470667882,0.11764705882352941,-0.0022588442423020568,-0.010880959820760427,-0.02616667652533311,-0.008934170691594079,-0.001964338867908366,-0.009326819037397849,-0.016998398474431853,0,-0.0382726144599258,1.0,0,False,2.8444702371082258,9632.370822098213,365
57a7b2ccdfc5af69,CONTINUATION,3,240,2.0,30.0,0.0,0.5,0.5,30,0.1,56,-0.08403712568690114,-0.00024046271531596997,0.08515606867886512,0.15024801715753996,0.17857142857142858,-0.0015881227013397432,-0.028590088028159433,-0.0570789292711571,-0.011187303289115103,-0.01759967767093984,-0.011402243865976658,-0.046203509083211136,0,-0.09621724802643328,0.8025771393368034,0,False,2.8444702371082258,9159.628743130988,365
ead70844bffc64d1,CONTINUATION,3,240,2.0,30.0,1.0,0.25,0.5,30,0.1,8,-0.01127427921911317,-3.106339607039654e-05,0.011274279219113306,0.1217635948373244,0.25,-0.0020054901691048364,-0.00614866083018295,-0.005157329056085791,-0.006218428609044868,7.020433953530691e-05,-0.0022588442423020494,-0.002905046862161975,1,-0.012754620589687127,1.0,0,False,1.9240853935930369,9887.257207808869,365
9e2e72ad94ffdcaa,CONTINUATION,3,240,2.0,30.0,1.0,0.5,0.5,30,0.1,24,-0.0315523258076168,-8.783401983003536e-05,0.03155232580761658,0.14680835928869448,0.16666666666666666,-0.0017969361286175336,-0.018393284254753284,-0.013405614837173285,-0.013545124961064747,-0.004914729924668015,-0.005021699564655591,-0.008426229264346219,0,-0.03679887502302659,1.0000000000000002,0,False,2.1990150382551596,9684.476741923832,365
50b244e1a55f9193,CONTINUATION,3,240,2.0,60.0,0.0,0.25,0.5,30,0.1,4,-0.0117538939889964,-3.239267288157599e-05,0.011753893988996242,0.0,0.0,-0.0022424357492325116,-0.005081610810030224,-0.006706362302136837,-0.005081610810030224,0.0,0.0,-0.006706362302136837,0,-0.011753893988996511,,0,False,1.256700572653802,9882.461060110036,365
c37d3831c2bd7d84,CONTINUATION,3,240,2.0,60.0,0.0,0.5,0.5,30,0.1,8,-0.006492399506526247,-1.784522926417953e-05,0.010802553297744766,0.5194532860228104,0.25,-0.0008316726314657972,0.0010073715509071324,-0.0074922236045212864,0.0010073715509071324,0.0,-0.0007911671559739375,-0.006706362302136837,1,-0.012171926315031723,1.0,0,False,1.256700572653802,9935.076004934737,365
f607dd4fbff7fb38,CONTINUATION,3,240,2.0,60.0,1.0,0.25,0.5,30,0.1,2,-0.0023553118515535765,-6.460499573535117e-06,0.002355311851553415,0.0,0.0,-0.0011781852762777355,-0.0023553118515535765,0.0,-0.0023553118515535765,0.0,0.0,0.0,0,-0.0023553118515535765,,0,False,0.7906022748461728,9976.446881484464,365
64ce3026b77daf41,CONTINUATION,3,240,2.0,60.0,1.0,0.5,0.5,30,0.1,4,-0.004014051004258223,-1.1019470603113035e-05,0.004014051004258181,0.0,0.0,-0.0008316726314657972,-0.0032254357070793382,-0.0007911671559739375,-0.0032254357070793382,0.0,-0.0007911671559739375,0.0,0,-0.004014051004258112,,0,False,0.7906022748461728,9959.859489957418,365
d3d70caf1bb648db,CONTINUATION,3,240,3.0,30.0,0.0,0.25,0.5,30,0.1,4,-0.0077577603044887145,-2.1336781315994813e-05,0.007757760304488511,0.0,0.0,-0.002220977099558201,-0.0077577603044887145,0.0,-0.0077577603044887145,0.0,0.0,0.0,0,-0.0077577603044887145,,0,False,1.256700572653802,9922.422396955113,365
375691c69de3c44f,CONTINUATION,3,240,3.0,30.0,0.0,0.5,0.5,30,0.1,12,-0.010681735007561866,-2.9422017250979593e-05,0.01479807906799539,0.38896713446881875,0.16666666666666666,-0.001422325060128501,-0.007075863972041185,-0.003631567513249556,-0.004922476984193791,-0.0021640394220956427,-0.0007911671559739375,-0.002842649368091643,0,-0.017382052901094847,1.0,0,False,1.2972412564189895,9893.182649924382,365
548d534546fb2150,CONTINUATION,3,240,3.0,30.0,1.0,0.25,0.5,30,0.1,3,-0.00503879459430534,-1.3839718273178647e-05,0.0050387945943051815,0.0,0.0,-0.0017521360959076163,-0.00503879459430534,0.0,-0.00503879459430534,0.0,0.0,0.0,0,-0.00503879459430534,,0,False,1.2369908279546562,9949.612054056946,365
dc5fd1bf23544a1a,CONTINUATION,3,240,3.0,30.0,1.0,0.5,0.5,30,0.1,10,-0.015083376893733291,-4.1638278268307793e-05,0.015083376893733475,0.06546207163220819,0.1,-0.0016618234921312528,-0.01275205532335233,-0.00236143471652861,-0.010610978476987887,-0.0021640394220956427,-0.0007911671559739375,-0.0015715108883548323,0,-0.016129448703125604,1.0,0,False,1.2972412564189895,9849.166231062667,365
3348de73ab02fc13,CONTINUATION,3,240,3.0,60.0,0.0,0.25,0.5,30,0.1,3,-0.005081610810030224,-1.3957617939652778e-05,0.005081610810029997,0.0,0.0,-0.0017521360959076163,-0.005081610810030224,0.0,-0.005081610810030224,0.0,0.0,0.0,0,-0.005081610810030224,,0,False,1.256700572653802,9949.183891899698,365
9a0e3a614d1811cf,CONTINUATION,3,240,3.0,60.0,0.0,0.5,0.5,30,0.1,6,-0.0010250352977320132,-2.8097522326575586e-06,0.004123847007720267,0.8514699666498928,0.16666666666666666,-0.0008316726314657972,-0.00023405331705539378,-0.0007911671559739375,-0.00023405331705539378,0.0,-0.0007911671559739375,0.0,0,-0.00673581706752846,1.0,0,False,1.256700572653802,9989.74964702268,365
884075ff5a773ab8,CONTINUATION,3,240,3.0,60.0,1.0,0.25,0.5,30,0.1,2,-0.0023553118515535765,-6.460499573535117e-06,0.002355311851553415,0.0,0.0,-0.0011781852762777355,-0.0023553118515535765,0.0,-0.0023553118515535765,0.0,0.0,0.0,0,-0.0023553118515535765,,0,False,0.7906022748461728,9976.446881484464,365
1489a988ec6df2ff,CONTINUATION,3,240,3.0,60.0,1.0,0.5,0.5,30,0.1,4,-0.004014051004258223,-1.1019470603113035e-05,0.004014051004258181,0.0,0.0,-0.0008316726314657972,-0.0032254357070793382,-0.0007911671559739375,-0.0032254357070793382,0.0,-0.0007911671559739375,0.0,0,-0.004014051004258112,,0,False,0.7906022748461728,9959.859489957418,365
b0edf9af7ba4c11e,CONTINUATION,5,60,2.0,30.0,0.0,0.25,0.5,30,0.1,6,-0.012702839029985036,-3.502461927662459e-05,0.012702839029985261,0.0,0.0,-0.0014936588681914837,-0.012702839029985147,0.0,-0.009526401543515917,-0.003206988547114542,0.0,0.0,0,-0.012702839029985147,,0,False,1.6922353939908492,9872.97160970015,365
17baa0b4dc126c27,CONTINUATION,5,60,2.0,30.0,0.0,0.5,0.5,30,0.1,38,-0.05158930932085182,-0.00014510632728559347,0.05420403154804826,0.16894257555024117,0.21052631578947367,-0.001540090021378063,-0.035417486230527095,-0.016765619176660307,-0.024036012785914274,-0.01166177604268126,-0.0041001439431396225,-0.012717619303278194,0,-0.06094822403327571,0.97296545111137,0,False,1.8423503297656503,9484.106906791481,365
3135817598f4ca2b,CONTINUATION,5,60,2.0,30.0,1.0,0.25,0.5,30,0.1,3,-0.006079617152169314,-1.670718446677988e-05,0.0060796171521693395,0.0,0.0,-0.001529158645679997,-0.006079617152169314,0.0,-0.004557427536208358,-0.00152915864568004,0.0,0.0,0,-0.006079617152169314,,0,False,1.6922353939908492,9939.203828478307,365
70bbd739c144fb73,CONTINUATION,5,60,2.0,30.0,1.0,0.5,0.5,30,0.1,17,-0.010357670713176392,-2.8524756670367246e-05,0.016308920217747797,0.5065711523764437,0.35294117647058826,-0.001231525147047374,-0.015793187231575856,0.005522738156130247,-0.012302161943658962,-0.0035345073699734053,0.0015859116439347343,0.00393059293908582,2,-0.01681798320391359,0.9821046483441674,0,False,1.6922353939908492,9896.423292868236,365
e8f8a0283a5c885c,CONTINUATION,5,60,2.0,60.0,0.0,0.25,0.5,30,0.1,3,-0.0022836186002261893,-6.263624311109162e-06,0.0022836186002261455,0.0,0.0,-0.0006042344566478544,-0.0022836186002261893,0.0,-0.000604234456647812,-0.0016803994988564552,0.0,0.0,0,-0.0022836186002261893,,0,False,0.5077150554703879,9977.163813997739,365
70ae450c63f9f758,CONTINUATION,5,60,2.0,60.0,0.0,0.5,0.5,30,0.1,7,-0.00707988308359786,-1.9465740348167948e-05,0.0070798830835976335,0.026134419742381655,0.14285714285714285,-0.0012495105400963575,-0.003530275734812016,-0.0035621828364160724,-0.0018529899994219612,-0.0016803994988564552,0.00019051929819169366,-0.0037519873086189204,1,-0.007269017493677921,1.0,0,False,0.7891890233143346,9929.201169164022,365
0b5e631737b5612e,CONTINUATION,5,60,2.0,60.0,1.0,0.25,0.5,30,0.1,1,-0.000604234456647812,-1.6559358340106911e-06,0.0006042344566478278,0.0,0.0,-0.0006042344566478544,-0.000604234456647812,0.0,-0.000604234456647812,0.0,0.0,0.0,0,-0.000604234456647812,,0,False,0.33568580924880803,9993.957655433522,365
4aea685c3a84b241,CONTINUATION,5,60,2.0,60.0,1.0,0.5,0.5,30,0.1,3,-0.0016628237315844396,-4.559462913666934e-06,0.0018529899994218794,0.10277535395985876,0.3333333333333333,-0.0006042344566478544,-0.0018529899994219612,0.00019051929819169366,-0.0018529899994219612,0.0,0.00019051929819169366,0.0,1,-0.0018529899994219612,1.0,0,False,0.7891890233143346,9983.371762684155,365
ddc68b20e27bd57b,CONTINUATION,5,60,3.0,30.0,0.0,0.25,0.5,30,0.1,1,-0.001458159090703015,-3.997863896931797e-06,0.001458159090702975,0.0,0.0,-0.0014581590907029704,-0.001458159090703015,0.0,0.0,-0.001458159090703015,0.0,0.0,0,-0.001458159090703015,,0,False,0.5077150554703879,9985.41840909297,365
3e9b9a35ab986f1a,CONTINUATION,5,60,3.0,30.0,0.0,0.5,0.5,30,0.1,3,-0.002456051407349724,-6.737162097536498e-06,0.0034339023457285807,0.28550509830552967,0.3333333333333333,-0.0014581590907029704,-0.002456051407349724,0.0,-0.000999349527244675,-0.001458159090703015,0.0,0.0,0,-0.003433902345728712,1.0,0,False,0.7365345076008942,9975.439485926503,365
54fd4898f9aaeaa2,CONTINUATION,5,60,3.0,30.0,1.0,0.25,0.5,30,0.1,0,0.0,0.0,0.0,,,,0.0,0.0,0.0,0.0,0.0,0.0,0,0.0,,0,False,0.0,10000.0,365
7ece37014ade62c5,CONTINUATION,5,60,3.0,30.0,1.0,0.5,0.5,30,0.1,1,0.000981220353251766,2.686960517417347e-06,0.0,Infinity,1.0,0.000981220353251671,0.000981220353251766,0.0,0.000981220353251766,0.0,0.0,0.0,1,0.0,1.0,0,False,0.7365345076008942,10009.812203532518,365
d35299fd12fcdb1b,CONTINUATION,5,60,3.0,60.0,0.0,0.25,0.5,30,0.1,1,-0.001458159090703015,-3.997863896931797e-06,0.001458159090702975,0.0,0.0,-0.0014581590907029704,-0.001458159090703015,0.0,0.0,-0.001458159090703015,0.0,0.0,0,-0.001458159090703015,,0,False,0.5077150554703879,9985.41840909297,365
dd5d310dbbefd1e3,CONTINUATION,5,60,3.0,60.0,0.0,0.5,0.5,30,0.1,1,-0.001458159090703015,-3.997863896931797e-06,0.001458159090702975,0.0,0.0,-0.0014581590907029704,-0.001458159090703015,0.0,0.0,-0.001458159090703015,0.0,0.0,0,-0.001458159090703015,,0,False,0.5077150554703879,9985.41840909297,365
fe8c9d9ffb052bae,CONTINUATION,5,60,3.0,60.0,1.0,0.25,0.5,30,0.1,0,0.0,0.0,0.0,,,,0.0,0.0,0.0,0.0,0.0,0.0,0,0.0,,0,False,0.0,10000.0,365
8a441e14308dd9e7,CONTINUATION,5,60,3.0,60.0,1.0,0.5,0.5,30,0.1,0,0.0,0.0,0.0,,,,0.0,0.0,0.0,0.0,0.0,0.0,0,0.0,,0,False,0.0,10000.0,365
7975f277596dd35f,CONTINUATION,5,240,2.0,30.0,0.0,0.25,0.5,30,0.1,3,-0.004778361387364427,-1.3122692676614811e-05,0.004778361387364202,0.0,0.0,-0.0006042344566478544,-0.004778361387364427,0.0,-0.004556810630414909,-0.00022256494324879306,0.0,0.0,0,-0.004778361387364427,,0,False,1.2972412564189895,9952.216386126356,365
ab2a315fbd32c7f9,CONTINUATION,5,240,2.0,30.0,0.0,0.5,0.5,30,0.1,27,-0.03649157120400848,-0.00010184150712833073,0.038773826995224046,0.17417728301148164,0.14814814814814814,-0.0015419231666863656,-0.018072519651965102,-0.01875805690407506,-0.008459169850822401,-0.009695364536522755,-0.00886743352262509,-0.009979112498142095,0,-0.043490553462851134,1.0,0,False,2.1990150382551596,9635.084287959915,365
86e89730c24000e3,CONTINUATION,5,240,2.0,30.0,1.0,0.25,0.5,30,0.1,2,-0.004556810630414798,-1.251286565906451e-05,0.004556810630414839,0.0,0.0,-0.002279600178543434,-0.004556810630414909,0.0,-0.004556810630414909,0.0,0.0,0.0,0,-0.004556810630414909,,0,False,1.2972412564189895,9954.431893695852,365
4a90ab260a5da53c,CONTINUATION,5,240,2.0,30.0,1.0,0.5,0.5,30,0.1,12,-0.009216012567083265,-2.536609676306867e-05,0.014119396429590274,0.45902987292945346,0.3333333333333333,-0.0011653420508593029,-0.009918361276243792,0.000709384642326949,-0.003522613193224333,-0.006418357473735203,-0.0032085966095808383,0.00393059293908582,1,-0.015448010638497989,1.0,0,False,2.1990150382551596,9907.839874329167,365
b1d14546da048838,CONTINUATION,5,240,2.0,60.0,0.0,0.25,0.5,30,0.1,2,-0.0008266649184890396,-2.2657694724870225e-06,0.0008266649184890412,0.0,0.0,-0.0004133996999483123,-0.0008266649184890396,0.0,-0.000604234456647812,-0.00022256494324879306,0.0,0.0,0,-0.0008266649184890396,,0,False,0.4348345634570178,9991.73335081511,365
1201664b974155a3,CONTINUATION,5,240,2.0,60.0,0.0,0.5,0.5,30,0.1,5,-0.007295782224297054,-2.0061515487279635e-05,0.007295782224297,0.0,0.0,-0.0017997307179208524,-0.0035571412645576395,-0.0037519873086189204,-0.0033353186463140894,-0.00022256494324879306,0.0,-0.0037519873086189204,0,-0.007295782224297054,,0,False,1.256700572653802,9927.04217775703,365
adfae716af5f03c6,CONTINUATION,5,240,2.0,60.0,1.0,0.25,0.5,30,0.1,1,-0.000604234456647812,-1.6559358340106911e-06,0.0006042344566478278,0.0,0.0,-0.0006042344566478544,-0.000604234456647812,0.0,-0.000604234456647812,0.0,0.0,0.0,0,-0.000604234456647812,,0,False,0.33568580924880803,9993.957655433522,365
1a68e6068d64f18a,CONTINUATION,5,240,2.0,60.0,1.0,0.5,0.5,30,0.1,1,-0.000604234456647812,-1.6559358340106911e-06,0.0006042344566478278,0.0,0.0,-0.0006042344566478544,-0.000604234456647812,0.0,-0.000604234456647812,0.0,0.0,0.0,0,-0.000604234456647812,,0,False,0.33568580924880803,9993.957655433522,365
977bf6c8bf5086cf,CONTINUATION,5,240,3.0,30.0,0.0,0.25,0.5,30,0.1,1,-0.003954965900438978,-1.0856947803450367e-05,0.003954965900438947,0.0,0.0,-0.003954965900439014,-0.003954965900438978,0.0,-0.003954965900438978,0.0,0.0,0.0,0,-0.003954965900438978,,0,False,1.2972412564189895,9960.45034099561,365
b554acb77ea492e7,CONTINUATION,5,240,3.0,30.0,0.0,0.5,0.5,30,0.1,3,-0.00738328105607966,-2.0303005902611027e-05,0.008356302035695862,0.11717773262001976,0.3333333333333333,-0.003954965900439014,-0.00738328105607966,0.0,-0.0029776262402252396,-0.004418812387570248,0.0,0.0,0,-0.008356302035695928,1.0,0,False,1.2972412564189895,9926.167189439204,365
5397e69d27da88ec,CONTINUATION,5,240,3.0,30.0,1.0,0.25,0.5,30,0.1,1,-0.003954965900438978,-1.0856947803450367e-05,0.003954965900438947,0.0,0.0,-0.003954965900439014,-0.003954965900438978,0.0,-0.003954965900438978,0.0,0.0,0.0,0,-0.003954965900438978,,0,False,1.2972412564189895,9960.45034099561,365
4410f2e95f9e9417,CONTINUATION,5,240,3.0,30.0,1.0,0.5,0.5,30,0.1,3,-0.00738328105607966,-2.0303005902611027e-05,0.008356302035695862,0.11717773262001976,0.3333333333333333,-0.003954965900439014,-0.00738328105607966,0.0,-0.0029776262402252396,-0.004418812387570248,0.0,0.0,0,-0.008356302035695928,1.0,0,False,1.2972412564189895,9926.167189439204,365
ee6d20cc0aa7c431,CONTINUATION,5,240,3.0,60.0,0.0,0.25,0.5,30,0.1,0,0.0,0.0,0.0,,,,0.0,0.0,0.0,0.0,0.0,0.0,0,0.0,,0,False,0.0,10000.0,365
74af7e0b7dd2a6bd,CONTINUATION,5,240,3.0,60.0,0.0,0.5,0.5,30,0.1,1,-0.0027327354025573625,-7.4971668014844894e-06,0.0027327354025574097,0.0,0.0,-0.0027327354025574067,-0.0027327354025573625,0.0,-0.0027327354025573625,0.0,0.0,0.0,0,-0.0027327354025573625,,0,False,1.256700572653802,9972.672645974426,365
21aab41bb2d2e2a4,CONTINUATION,5,240,3.0,60.0,1.0,0.25,0.5,30,0.1,0,0.0,0.0,0.0,,,,0.0,0.0,0.0,0.0,0.0,0.0,0,0.0,,0,False,0.0,10000.0,365
31b78d1715c9ee72,CONTINUATION,5,240,3.0,60.0,1.0,0.5,0.5,30,0.1,0,0.0,0.0,0.0,,,,0.0,0.0,0.0,0.0,0.0,0.0,0,0.0,,0,False,0.0,10000.0,365
9bf12364de0b6a7b,REVERSAL,1,60,2.0,30.0,0.0,0.25,0.5,30,0.1,71,-0.21773266300452343,-0.0006725373992283457,0.2246118476527293,0.28825513305398676,0.15492957746478872,-0.004970920045494955,-0.13786086233320083,-0.09264374760607563,-0.10006446863609075,-0.04199900146161273,-0.08887019871666468,-0.004141615041123536,0,-0.287062413152559,0.8415994426285807,0,False,4.187906046976702,7822.673369954766,365
9b74923eade917d0,REVERSAL,1,60,2.0,30.0,0.0,0.5,0.5,30,0.1,78,-0.24729914100437267,-0.0007780188184041137,0.25235417617657696,0.28909179006600966,0.15384615384615385,-0.005101624666000587,-0.14628028555302108,-0.11832789350166217,-0.10885300145877652,-0.04199900146161273,-0.0992845349951732,-0.021142479780101198,0,-0.32249979643678284,0.8239850224396744,0,False,4.187906046976702,7527.008589956274,365
173fa1be64a39096,REVERSAL,1,60,2.0,30.0,1.0,0.25,0.5,30,0.1,15,-0.06694117229264152,-0.00018980945765145751,0.07072541198394901,0.05572395952086349,0.06666666666666667,-0.004740924440692334,-0.0496761340797498,-0.018167530914498298,-0.04816114839404029,-0.0015916409412721766,-0.005701821634909177,-0.012537194124288109,0,-0.07072541198394888,1.0,0,False,2.59906995551964,9330.588277073584,365
7d083c3187ce833b,REVERSAL,1,60,2.0,30.0,1.0,0.5,0.5,30,0.1,18,-0.06886177468683441,-0.00019545361700457065,0.07263822492307673,0.22002616437245748,0.1111111111111111,-0.0048559222430936445,-0.058956746075548794,-0.010525582718943549,-0.05745655534010041,-0.0015916409412721766,0.0020371515700388088,-0.012537194124288109,1,-0.08716815862660254,1.0,0,False,3.3542268311891315,9311.382253131656,365
825838b38b08f36f,REVERSAL,1,60,2.0,60.0,0.0,0.25,0.5,30,0.1,9,-0.04353063443042482,-0.00012192823257939356,0.04563522077458603,0.08417023220375683,0.1111111111111111,-0.005151598443299624,-0.04353063443042482,0.0,-0.04353063443042482,0.0,0.0,0.0,0,-0.04740982106820801,1.0,0,False,3.4434014663408297,9564.693655695752,365
1475fe7ed4eb45ce,REVERSAL,1,60,2.0,60.0,0.0,0.5,0.5,30,0.1,9,-0.04353063443042482,-0.00012192823257939356,0.04563522077458603,0.08417023220375683,0.1111111111111111,-0.005151598443299624,-0.04353063443042482,0.0,-0.04353063443042482,0.0,0.0,0.0,0,-0.04740982106820801,1.0,0,False,3.4434014663408297,9564.693655695752,365
22c5349eede81ee7,REVERSAL,1,60,2.0,60.0,1.0,0.25,0.5,30,0.1,5,-0.028936428602872044,-8.044427872233584e-05,0.03287480547745009,0.12238503034727324,0.2,-0.009759655457181831,-0.028936428602871933,0.0,-0.028936428602871933,0.0,0.0,0.0,0,-0.03287480547745014,1.0,0,False,2.4034454281818687,9710.63571397128,365
816420e9777378bb,REVERSAL,1,60,2.0,60.0,1.0,0.5,0.5,30,0.1,5,-0.028936428602872044,-8.044427872233584e-05,0.03287480547745009,0.12238503034727324,0.2,-0.009759655457181831,-0.028936428602871933,0.0,-0.028936428602871933,0.0,0.0,0.0,0,-0.03287480547745014,1.0,0,False,2.4034454281818687,9710.63571397128,365
ba5c340df9f25465,REVERSAL,1,60,3.0,30.0,0.0,0.25,0.5,30,0.1,10,-0.05666083199347649,-0.000159793784670903,0.05666083199347631,0.06921709045744161,0.1,-0.006203921749860782,-0.037702458519319526,-0.019701155471088305,-0.03692279947564647,-0.0008095498920009936,-0.002875767108451943,-0.016873913808958974,0,-0.06071682055682692,1.0,0,False,3.0576167612396032,9433.391680065235,365
1e3b7c1e66071153,REVERSAL,1,60,3.0,30.0,0.0,0.5,0.5,30,0.1,13,-0.059966298796253814,-0.00016940907884299694,0.05996629879625379,0.24799953445729292,0.15384615384615385,-0.007302166429188182,-0.04710000226967603,-0.01350225265738636,-0.04632795717039906,-0.0008095498920009936,0.0034295307579881307,-0.016873913808958974,1,-0.0786732263122456,1.0,0,False,3.1033889557886836,9400.337012037462,365
1a8d439a74a87023,REVERSAL,1,60,3.0,30.0,1.0,0.25,0.5,30,0.1,3,-0.02334296935855551,-6.470950056569613e-05,0.023342969358555274,0.0,0.0,-0.009847830449346227,-0.0233429693585554,0.0,-0.0233429693585554,0.0,0.0,0.0,0,-0.0233429693585554,,0,False,1.9581980678986104,9766.570306414445,365
b0cc023f1c494eb9,REVERSAL,1,60,3.0,30.0,1.0,0.5,0.5,30,0.1,5,-0.01748669445723683,-4.8331414994717825e-05,0.03288074408925222,0.4782855059756804,0.2,-0.009765736007073858,-0.032880744089252345,0.015917426457938477,-0.032880744089252345,0.0,0.015917426457938477,0.0,1,-0.032880744089252345,1.0,0,False,3.1033889557886836,9825.133055427632,365
f67c753e29276857,REVERSAL,1,60,3.0,60.0,0.0,0.25,0.5,30,0.1,3,-0.02334296935855551,-6.470950056569613e-05,0.023342969358555274,0.0,0.0,-0.009847830449346227,-0.0233429693585554,0.0,-0.0233429693585554,0.0,0.0,0.0,0,-0.0233429693585554,,0,False,1.9581980678986104,9766.570306414445,365
2f68bc61bec01e82,REVERSAL,1,60,3.0,60.0,0.0,0.5,0.5,30,0.1,3,-0.02334296935855551,-6.470950056569613e-05,0.023342969358555274,0.0,0.0,-0.009847830449346227,-0.0233429693585554,0.0,-0.0233429693585554,0.0,0.0,0.0,0,-0.0233429693585554,,0,False,1.9581980678986104,9766.570306414445,365
80321a55ece3d595,REVERSAL,1,60,3.0,60.0,1.0,0.25,0.5,30,0.1,3,-0.02334296935855551,-6.470950056569613e-05,0.023342969358555274,0.0,0.0,-0.009847830449346227,-0.0233429693585554,0.0,-0.0233429693585554,0.0,0.0,0.0,0,-0.0233429693585554,,0,False,1.9581980678986104,9766.570306414445,365
b83ced4d0800ee3a,REVERSAL,1,60,3.0,60.0,1.0,0.5,0.5,30,0.1,3,-0.02334296935855551,-6.470950056569613e-05,0.023342969358555274,0.0,0.0,-0.009847830449346227,-0.0233429693585554,0.0,-0.0233429693585554,0.0,0.0,0.0,0,-0.0233429693585554,,0,False,1.9581980678986104,9766.570306414445,365
6a4913343ecd62bc,REVERSAL,1,240,2.0,30.0,0.0,0.25,0.5,30,0.1,42,-0.1251047706634245,-0.0003661004693961134,0.14840045181110878,0.3776120196259708,0.09523809523809523,-0.004776562200814747,-0.10193076360173492,-0.02580425441876799,-0.062373373749834315,-0.0421888508116518,-0.043248637737172135,0.01823293282504057,1,-0.19145664281763597,1.0,0,False,3.4003430531731706,8748.952293365755,365
108bcb9542a271cc,REVERSAL,1,240,2.0,30.0,0.0,0.5,0.5,30,0.1,50,-0.18681563280372848,-0.0005664078078280177,0.20511219261323532,0.28098425309589364,0.08,-0.005220428993450097,-0.11902304425222354,-0.07695160254670053,-0.07152998785499665,-0.05115195512616044,-0.07773561899636428,0.0008500994571758458,1,-0.24848736601334376,1.0,0,False,3.4003430531731706,8131.843671962715,365
480fffb116720725,REVERSAL,1,240,2.0,30.0,1.0,0.25,0.5,30,0.1,13,-0.07222470975427864,-0.00020536444312102553,0.07222470975427878,0.0,0.0,-0.004970920045494955,-0.04590930055459452,-0.02758166410696672,-0.03608357196888656,-0.0101935482163924,-0.015173747472324361,-0.012599092076187035,0,-0.07222470975427864,,0,False,3.4003430531731706,9277.752902457214,365
5dc35fc0ae695c88,REVERSAL,1,240,2.0,30.0,1.0,0.5,0.5,30,0.1,16,-0.09718885794903942,-0.0002800755453677972,0.09718885794903909,0.0,0.0,-0.007536510002765947,-0.055226698452182754,-0.044415056424763844,-0.04549692533792005,-0.0101935482163924,-0.032221931429530004,-0.012599092076187035,0,-0.09718885794903953,,0,False,3.4003430531731706,9028.111420509606,365
af852def65fe277a,REVERSAL,1,240,2.0,60.0,0.0,0.25,0.5,30,0.1,6,-0.03709485685518643,-0.00010355730453881495,0.035301040597632005,0.0,0.0,-0.007066065675151133,-0.03709485685518654,0.0,-0.028036221123105887,-0.009319931389365155,0.0,0.0,0,-0.03709485685518654,,0,False,3.4003430531731706,9629.051431448135,365
956c43737a60ec98,REVERSAL,1,240,2.0,60.0,0.0,0.5,0.5,30,0.1,6,-0.03709485685518643,-0.00010355730453881495,0.035301040597632005,0.0,0.0,-0.007066065675151133,-0.03709485685518654,0.0,-0.028036221123105887,-0.009319931389365155,0.0,0.0,0,-0.03709485685518654,,0,False,3.4003430531731706,9629.051431448135,365
b3b1d76dd61a83c9,REVERSAL,1,240,2.0,60.0,1.0,0.25,0.5,30,0.1,4,-0.03346669585310924,-9.3254617053673e-05,0.03346669585310919,0.0,0.0,-0.009583880919355667,-0.03346669585310913,0.0,-0.02437392779851555,-0.009319931389365155,0.0,0.0,0,-0.03346669585310913,,0,False,3.4003430531731706,9665.333041468908,365
d29968f0ea3b45c0,REVERSAL,1,240,2.0,60.0,1.0,0.5,0.5,30,0.1,4,-0.03346669585310924,-9.3254617053673e-05,0.03346669585310919,0.0,0.0,-0.009583880919355667,-0.03346669585310913,0.0,-0.02437392779851555,-0.009319931389365155,0.0,0.0,0,-0.03346669585310913,,0,False,3.4003430531731706,9665.333041468908,365
28aa1fd8c2bbe08f,REVERSAL,1,240,3.0,30.0,0.0,0.25,0.5,30,0.1,7,-0.046228753687394986,-0.00012966671590342038,0.04622875368739442,0.0,0.0,-0.007302166429188182,-0.034944605660394146,-0.011692746440449153,-0.029135915965606607,-0.005983010176511816,-0.004422876592233171,-0.007302166429188239,0,-0.046228753687394875,,0,False,2.886906296735639,9537.71246312605,365
71b864604d350b7e,REVERSAL,1,240,3.0,30.0,0.0,0.5,0.5,30,0.1,11,-0.08190940115209833,-0.00023410739169904549,0.08190940115209833,0.0,0.0,-0.009379322208842392,-0.05331178379631851,-0.03020806308380941,-0.038617118309036025,-0.01528492525416747,-0.023074389688377717,-0.007302166429188239,0,-0.08190940115209833,,0,False,3.2104824520788613,9180.905988479017,365
50ff4a42a6f3b7de,REVERSAL,1,240,3.0,30.0,1.0,0.25,0.5,30,0.1,3,-0.0205208198048229,-5.6804680708899546e-05,0.020520819804822715,0.0,0.0,-0.009847830449346227,-0.0205208198048229,0.0,-0.019656317970146553,-0.0008818354731335853,0.0,0.0,0,-0.0205208198048229,,0,False,2.140989063242963,9794.791801951771,365
3c9a453326efd9eb,REVERSAL,1,240,3.0,30.0,1.0,0.5,0.5,30,0.1,5,-0.039183289371015784,-0.000109505280451061,0.039183289371015784,0.0,0.0,-0.009765736007073858,-0.030086154903034124,-0.009379322208842411,-0.02923009556505285,-0.0008818354731335853,-0.009379322208842411,0.0,0,-0.039183289371015784,,0,False,3.1033889557886836,9608.167106289842,365
49cb568873621edf,REVERSAL,1,240,3.0,60.0,0.0,0.25,0.5,30,0.1,2,-0.019656317970146442,-5.4387761611929264e-05,0.019656317970146484,0.0,0.0,-0.00987693548884702,-0.019656317970146553,0.0,-0.019656317970146553,0.0,0.0,0.0,0,-0.019656317970146553,,0,False,0.7608477532686031,9803.436820298535,365
61c8c340a9e6cc83,REVERSAL,1,240,3.0,60.0,0.0,0.5,0.5,30,0.1,2,-0.019656317970146442,-5.4387761611929264e-05,0.019656317970146484,0.0,0.0,-0.00987693548884702,-0.019656317970146553,0.0,-0.019656317970146553,0.0,0.0,0.0,0,-0.019656317970146553,,0,False,0.7608477532686031,9803.436820298535,365
f013975ac041cd6b,REVERSAL,1,240,3.0,60.0,1.0,0.25,0.5,30,0.1,2,-0.019656317970146442,-5.4387761611929264e-05,0.019656317970146484,0.0,0.0,-0.00987693548884702,-0.019656317970146553,0.0,-0.019656317970146553,0.0,0.0,0.0,0,-0.019656317970146553,,0,False,0.7608477532686031,9803.436820298535,365
9e0f5d80dd0e9fc9,REVERSAL,1,240,3.0,60.0,1.0,0.5,0.5,30,0.1,2,-0.019656317970146442,-5.4387761611929264e-05,0.019656317970146484,0.0,0.0,-0.00987693548884702,-0.019656317970146553,0.0,-0.019656317970146553,0.0,0.0,0.0,0,-0.019656317970146553,,0,False,0.7608477532686031,9803.436820298535,365
f43d229055a5980e,REVERSAL,3,60,2.0,30.0,0.0,0.25,0.5,30,0.1,13,-0.05204028274306527,-0.00014640919886654835,0.05891646804092455,0.1207197264299459,0.07692307692307693,-0.004105549578068513,-0.030860931476444975,-0.021853779250573746,-0.0013088078041940676,-0.029590852410818935,0.0,-0.021853779250573746,0,-0.05891646804092476,1.0,0,False,2.8437197733867907,9479.597172569347,365
f0891e4b4f2ff5d2,REVERSAL,3,60,2.0,30.0,0.0,0.5,0.5,30,0.1,21,-0.09515283709769207,-0.00027390557776962865,0.09804812911618756,0.09234539573484932,0.09523809523809523,-0.005079156503265429,-0.04962984782062341,-0.04790027251242679,-0.005370408320597875,-0.044498414153649635,-0.010145614814832227,-0.0381416279633211,0,-0.10424369361561225,1.0,0,False,2.8437197733867907,9048.471629023079,365
279873db52662b5b,REVERSAL,3,60,2.0,30.0,1.0,0.25,0.5,30,0.1,1,-0.0014555504840485511,-3.990706630818686e-06,0.001455550484048581,0.0,0.0,-0.0014555504840486958,-0.0014555504840486622,0.0,-0.0014555504840486622,0.0,0.0,0.0,0,-0.0014555504840486622,,0,False,0.5822201936194783,9985.444495159514,365
ea3a9127204ecedc,REVERSAL,3,60,2.0,30.0,1.0,0.5,0.5,30,0.1,4,-0.012144999824814873,-3.3477118973945785e-05,0.01214499982481466,0.0,0.0,-0.002761236910727774,-0.011454049856391202,-0.0006989558435025467,-0.005516554209223257,-0.0059704318581660365,-0.0006989558435025467,0.0,0,-0.012144999824814873,,0,False,2.1829103527376565,9878.550001751852,365
b210ae302b3c4739,REVERSAL,3,60,2.0,60.0,0.0,0.25,0.5,30,0.1,3,-0.0038579881689343454,-1.0590216256711749e-05,0.011083671846879492,0.6583944527774975,0.3333333333333333,-0.0014555504840486958,0.00584048268393933,-0.00964215600767504,0.00584048268393933,0.0,0.0,-0.00964215600767504,1,-0.011083671846879528,1.0,0,False,1.7892199616244635,9961.420118310656,365
09586f04ca40c987,REVERSAL,3,60,2.0,60.0,0.0,0.5,0.5,30,0.1,3,-0.0038579881689343454,-1.0590216256711749e-05,0.011083671846879492,0.6583944527774975,0.3333333333333333,-0.0014555504840486958,0.00584048268393933,-0.00964215600767504,0.00584048268393933,0.0,0.0,-0.00964215600767504,1,-0.011083671846879528,1.0,0,False,1.7892199616244635,9961.420118310656,365
70d86820f53d18d5,REVERSAL,3,60,2.0,60.0,1.0,0.25,0.5,30,0.1,1,-0.0014555504840485511,-3.990706630818686e-06,0.001455550484048581,0.0,0.0,-0.0014555504840486958,-0.0014555504840486622,0.0,-0.0014555504840486622,0.0,0.0,0.0,0,-0.0014555504840486622,,0,False,0.5822201936194783,9985.444495159514,365
f3f50fb8b7fd3b6e,REVERSAL,3,60,2.0,60.0,1.0,0.5,0.5,30,0.1,1,-0.0014555504840485511,-3.990706630818686e-06,0.001455550484048581,0.0,0.0,-0.0014555504840486958,-0.0014555504840486622,0.0,-0.0014555504840486622,0.0,0.0,0.0,0,-0.0014555504840486622,,0,False,0.5822201936194783,9985.444495159514,365
7eeceacb9e6a168c,REVERSAL,3,60,3.0,30.0,0.0,0.25,0.5,30,0.1,2,0.00584048268393933,1.5954903124892894e-05,0.0014555504840487495,5.0198660044959915,0.5,0.0029255589543275185,0.00584048268393933,0.0,0.00584048268393933,0.0,0.0,0.0,1,-0.0014555504840486622,1.0,0,False,0.5822201936194783,10058.404826839393,365
3e051e7f7a4bc9e2,REVERSAL,3,60,3.0,30.0,0.0,0.5,0.5,30,0.1,3,-0.00016481937811008152,-4.515970550844628e-07,0.007417292077233663,0.9839329069188906,0.3333333333333333,-0.0014555504840486958,-0.00016481937811008152,0.0,0.00584048268393933,-0.0059704318581660365,0.0,0.0,1,-0.007417292077233628,1.0,0,False,2.1829103527376565,9998.3518062189,365
b6d327cd55e66793,REVERSAL,3,60,3.0,30.0,1.0,0.25,0.5,30,0.1,1,-0.0014555504840485511,-3.990706630818686e-06,0.001455550484048581,0.0,0.0,-0.0014555504840486958,-0.0014555504840486622,0.0,-0.0014555504840486622,0.0,0.0,0.0,0,-0.0014555504840486622,,0,False,0.5822201936194783,9985.444495159514,365
f3e6e9f71a8bc87c,REVERSAL,3,60,3.0,30.0,1.0,0.5,0.5,30,0.1,2,-0.007417292077233628,-2.0396879578443716e-05,0.007417292077233469,0.0,0.0,-0.003712991171107386,-0.007417292077233628,0.0,-0.0014555504840486622,-0.0059704318581660365,0.0,0.0,0,-0.007417292077233628,,0,False,2.1829103527376565,9925.827079227663,365
599a4770cb23880d,REVERSAL,3,60,3.0,60.0,0.0,0.25,0.5,30,0.1,2,0.00584048268393933,1.5954903124892894e-05,0.0014555504840487495,5.0198660044959915,0.5,0.0029255589543275185,0.00584048268393933,0.0,0.00584048268393933,0.0,0.0,0.0,1,-0.0014555504840486622,1.0,0,False,0.5822201936194783,10058.404826839393,365
66662673c7e2ee8d,REVERSAL,3,60,3.0,60.0,0.0,0.5,0.5,30,0.1,2,0.00584048268393933,1.5954903124892894e-05,0.0014555504840487495,5.0198660044959915,0.5,0.0029255589543275185,0.00584048268393933,0.0,0.00584048268393933,0.0,0.0,0.0,1,-0.0014555504840486622,1.0,0,False,0.5822201936194783,10058.404826839393,365
d482f1df2c80bf8e,REVERSAL,3,60,3.0,60.0,1.0,0.25,0.5,30,0.1,1,-0.0014555504840485511,-3.990706630818686e-06,0.001455550484048581,0.0,0.0,-0.0014555504840486958,-0.0014555504840486622,0.0,-0.0014555504840486622,0.0,0.0,0.0,0,-0.0014555504840486622,,0,False,0.5822201936194783,9985.444495159514,365
8efdecf0943468a7,REVERSAL,3,60,3.0,60.0,1.0,0.5,0.5,30,0.1,1,-0.0014555504840485511,-3.990706630818686e-06,0.001455550484048581,0.0,0.0,-0.0014555504840486958,-0.0014555504840486622,0.0,-0.0014555504840486622,0.0,0.0,0.0,0,-0.0014555504840486622,,0,False,0.5822201936194783,9985.444495159514,365
ccf6c306130d5525,REVERSAL,3,240,2.0,30.0,0.0,0.25,0.5,30,0.1,5,-0.007665609708888188,-2.108235724707086e-05,0.014863674163382983,0.48922851197789585,0.2,-0.0015137725034106435,0.004723145109304605,-0.01233051600184365,0.00578183525558873,-0.001052604162427473,0.0,-0.01233051600184365,1,-0.014863674163382856,1.0,0,False,2.8437197733867907,9923.343902911118,365
fbef1daad05023de,REVERSAL,3,240,2.0,30.0,0.0,0.5,0.5,30,0.1,10,-0.0386823721593772,-0.00010807746489915893,0.045655451309046344,0.20521425466383694,0.2,-0.005959100135245667,-0.01071155308720173,-0.028273674032545326,0.00578183525558873,-0.016398574486681916,0.0,-0.028273674032545326,1,-0.04565545130904647,1.0,0,False,3.4043073312636314,9613.176278406228,365
3885382b4db6e0e1,REVERSAL,3,240,2.0,30.0,1.0,0.25,0.5,30,0.1,1,-0.0015137725034106708,-4.150455536366948e-06,0.0015137725034106552,0.0,0.0,-0.0015137725034106435,-0.0015137725034106708,0.0,-0.0015137725034106708,0.0,0.0,0.0,0,-0.0015137725034106708,,0,False,0.5822201936194783,9984.862274965893,365
7824abb6f8ad10f7,REVERSAL,3,240,2.0,30.0,1.0,0.5,0.5,30,0.1,2,-0.007475166485996332,-2.0556625863088485e-05,0.007475166485996306,0.0,0.0,-0.0037421021807883597,-0.007475166485996332,0.0,-0.0015137725034106708,-0.0059704318581660365,0.0,0.0,0,-0.007475166485996332,,0,False,2.1829103527376565,9925.248335140037,365
b8123b566c8317c4,REVERSAL,3,240,2.0,60.0,0.0,0.25,0.5,30,0.1,2,0.00578183525558873,1.5795151033115573e-05,0.001513772503410678,4.8267942350923,0.5,0.002896447944646545,0.00578183525558873,0.0,0.00578183525558873,0.0,0.0,0.0,1,-0.0015137725034106708,1.0,0,False,0.5822201936194783,10057.818352555887,365
b4e4aa1f9ad5fc82,REVERSAL,3,240,2.0,60.0,0.0,0.5,0.5,30,0.1,2,0.00578183525558873,1.5795151033115573e-05,0.001513772503410678,4.8267942350923,0.5,0.002896447944646545,0.00578183525558873,0.0,0.00578183525558873,0.0,0.0,0.0,1,-0.0015137725034106708,1.0,0,False,0.5822201936194783,10057.818352555887,365
e475ef22a4015c2b,REVERSAL,3,240,2.0,60.0,1.0,0.25,0.5,30,0.1,1,-0.0015137725034106708,-4.150455536366948e-06,0.0015137725034106552,0.0,0.0,-0.0015137725034106435,-0.0015137725034106708,0.0,-0.0015137725034106708,0.0,0.0,0.0,0,-0.0015137725034106708,,0,False,0.5822201936194783,9984.862274965893,365
b73b83bbc537eb59,REVERSAL,3,240,2.0,60.0,1.0,0.5,0.5,30,0.1,1,-0.0015137725034106708,-4.150455536366948e-06,0.0015137725034106552,0.0,0.0,-0.0015137725034106435,-0.0015137725034106708,0.0,-0.0015137725034106708,0.0,0.0,0.0,0,-0.0015137725034106708,,0,False,0.5822201936194783,9984.862274965893,365
25458b3340196429,REVERSAL,3,240,3.0,30.0,0.0,0.25,0.5,30,0.1,2,0.00578183525558873,1.5795151033115573e-05,0.001513772503410678,4.8267942350923,0.5,0.002896447944646545,0.00578183525558873,0.0,0.00578183525558873,0.0,0.0,0.0,1,-0.0015137725034106708,1.0,0,False,0.5822201936194783,10057.818352555887,365
ca4cde8f78fdfe1d,REVERSAL,3,240,3.0,30.0,0.0,0.5,0.5,30,0.1,3,-0.00022311665598606645,-6.113465260693118e-07,0.007475166485996275,0.9762785781499446,0.3333333333333333,-0.0015137725034106435,-0.00022311665598606645,0.0,0.00578183525558873,-0.0059704318581660365,0.0,0.0,1,-0.007475166485996332,1.0,0,False,2.1829103527376565,9997.76883344014,365
17fa8cc9ea58a77c,REVERSAL,3,240,3.0,30.0,1.0,0.25,0.5,30,0.1,1,-0.0015137725034106708,-4.150455536366948e-06,0.0015137725034106552,0.0,0.0,-0.0015137725034106435,-0.0015137725034106708,0.0,-0.0015137725034106708,0.0,0.0,0.0,0,-0.0015137725034106708,,0,False,0.5822201936194783,9984.862274965893,365
7b488a01426d51b3,REVERSAL,3,240,3.0,30.0,1.0,0.5,0.5,30,0.1,2,-0.007475166485996332,-2.0556625863088485e-05,0.007475166485996306,0.0,0.0,-0.0037421021807883597,-0.007475166485996332,0.0,-0.0015137725034106708,-0.0059704318581660365,0.0,0.0,0,-0.007475166485996332,,0,False,2.1829103527376565,9925.248335140037,365
2c7845742fd905fa,REVERSAL,3,240,3.0,60.0,0.0,0.25,0.5,30,0.1,2,0.00578183525558873,1.5795151033115573e-05,0.001513772503410678,4.8267942350923,0.5,0.002896447944646545,0.00578183525558873,0.0,0.00578183525558873,0.0,0.0,0.0,1,-0.0015137725034106708,1.0,0,False,0.5822201936194783,10057.818352555887,365
b9517af987c74580,REVERSAL,3,240,3.0,60.0,0.0,0.5,0.5,30,0.1,2,0.00578183525558873,1.5795151033115573e-05,0.001513772503410678,4.8267942350923,0.5,0.002896447944646545,0.00578183525558873,0.0,0.00578183525558873,0.0,0.0,0.0,1,-0.0015137725034106708,1.0,0,False,0.5822201936194783,10057.818352555887,365
32e35f4231885b18,REVERSAL,3,240,3.0,60.0,1.0,0.25,0.5,30,0.1,1,-0.0015137725034106708,-4.150455536366948e-06,0.0015137725034106552,0.0,0.0,-0.0015137725034106435,-0.0015137725034106708,0.0,-0.0015137725034106708,0.0,0.0,0.0,0,-0.0015137725034106708,,0,False,0.5822201936194783,9984.862274965893,365
19021f979d399860,REVERSAL,3,240,3.0,60.0,1.0,0.5,0.5,30,0.1,1,-0.0015137725034106708,-4.150455536366948e-06,0.0015137725034106552,0.0,0.0,-0.0015137725034106435,-0.0015137725034106708,0.0,-0.0015137725034106708,0.0,0.0,0.0,0,-0.0015137725034106708,,0,False,0.5822201936194783,9984.862274965893,365
297bb96ecbf036bb,REVERSAL,5,60,2.0,30.0,0.0,0.25,0.5,30,0.1,2,0.014219466581889995,3.8683811819373304e-05,0.0014555504840486956,10.784831082518256,0.5,0.007121157809247086,0.014219466581889995,0.0,0.014219466581889995,0.0,0.0,0.0,1,-0.0014555504840486622,1.0,0,False,1.958691396820654,10142.1946658189,365
dffad32b7aea8af0,REVERSAL,5,60,2.0,30.0,0.0,0.5,0.5,30,0.1,6,-0.004801779025837116,-1.3187158542260491e-05,0.020182817954557144,0.7717455925629877,0.16666666666666666,-0.003603040757928829,0.01015515808267975,-0.014806574008794371,0.014219466581889995,-0.004007326454606441,-0.006112280054849539,-0.008747762729601538,1,-0.02018281795455723,1.0,0,False,2.171317218790174,9951.982209741629,365
45ef621df0939b86,REVERSAL,5,60,2.0,30.0,1.0,0.25,0.5,30,0.1,1,-0.0014555504840485511,-3.990706630818686e-06,0.001455550484048581,0.0,0.0,-0.0014555504840486958,-0.0014555504840486622,0.0,-0.0014555504840486622,0.0,0.0,0.0,0,-0.0014555504840486622,,0,False,0.5822201936194783,9985.444495159514,365
e56517d5b07dc971,REVERSAL,5,60,2.0,30.0,1.0,0.5,0.5,30,0.1,1,-0.0014555504840485511,-3.990706630818686e-06,0.001455550484048581,0.0,0.0,-0.0014555504840486958,-0.0014555504840486622,0.0,-0.0014555504840486622,0.0,0.0,0.0,0,-0.0014555504840486622,,0,False,0.5822201936194783,9985.444495159514,365
26e11970758840d3,REVERSAL,5,60,2.0,60.0,0.0,0.25,0.5,30,0.1,1,-0.0014555504840485511,-3.990706630818686e-06,0.001455550484048581,0.0,0.0,-0.0014555504840486958,-0.0014555504840486622,0.0,-0.0014555504840486622,0.0,0.0,0.0,0,-0.0014555504840486622,,0,False,0.5822201936194783,9985.444495159514,365
d19048076e912f7f,REVERSAL,5,60,2.0,60.0,0.0,0.5,0.5,30,0.1,1,-0.0014555504840485511,-3.990706630818686e-06,0.001455550484048581,0.0,0.0,-0.0014555504840486958,-0.0014555504840486622,0.0,-0.0014555504840486622,0.0,0.0,0.0,0,-0.0014555504840486622,,0,False,0.5822201936194783,9985.444495159514,365
8e1d58dda94701e5,REVERSAL,5,60,2.0,60.0,1.0,0.25,0.5,30,0.1,1,-0.0014555504840485511,-3.990706630818686e-06,0.001455550484048581,0.0,0.0,-0.0014555504840486958,-0.0014555504840486622,0.0,-0.0014555504840486622,0.0,0.0,0.0,0,-0.0014555504840486622,,0,False,0.5822201936194783,9985.444495159514,365
b5bded5e89c1d19e,REVERSAL,5,60,2.0,60.0,1.0,0.5,0.5,30,0.1,1,-0.0014555504840485511,-3.990706630818686e-06,0.001455550484048581,0.0,0.0,-0.0014555504840486958,-0.0014555504840486622,0.0,-0.0014555504840486622,0.0,0.0,0.0,0,-0.0014555504840486622,,0,False,0.5822201936194783,9985.444495159514,365
17e9d21ea15ed3a1,REVERSAL,5,60,3.0,30.0,0.0,0.25,0.5,30,0.1,0,0.0,0.0,0.0,,,,0.0,0.0,0.0,0.0,0.0,0.0,0,0.0,,0,False,0.0,10000.0,365
c2c30a051feeda6f,REVERSAL,5,60,3.0,30.0,0.0,0.5,0.5,30,0.1,0,0.0,0.0,0.0,,,,0.0,0.0,0.0,0.0,0.0,0.0,0,0.0,,0,False,0.0,10000.0,365
9d4e530f74ceca00,REVERSAL,5,60,3.0,30.0,1.0,0.25,0.5,30,0.1,0,0.0,0.0,0.0,,,,0.0,0.0,0.0,0.0,0.0,0.0,0,0.0,,0,False,0.0,10000.0,365
001161cad2bc2fa7,REVERSAL,5,60,3.0,30.0,1.0,0.5,0.5,30,0.1,0,0.0,0.0,0.0,,,,0.0,0.0,0.0,0.0,0.0,0.0,0,0.0,,0,False,0.0,10000.0,365
b4c9c0cd00e0e7b2,REVERSAL,5,60,3.0,60.0,0.0,0.25,0.5,30,0.1,0,0.0,0.0,0.0,,,,0.0,0.0,0.0,0.0,0.0,0.0,0,0.0,,0,False,0.0,10000.0,365
85ff056232ac99f3,REVERSAL,5,60,3.0,60.0,0.0,0.5,0.5,30,0.1,0,0.0,0.0,0.0,,,,0.0,0.0,0.0,0.0,0.0,0.0,0,0.0,,0,False,0.0,10000.0,365
6c960b0d2cd8266b,REVERSAL,5,60,3.0,60.0,1.0,0.25,0.5,30,0.1,0,0.0,0.0,0.0,,,,0.0,0.0,0.0,0.0,0.0,0.0,0,0.0,,0,False,0.0,10000.0,365
ef1367e280f10045,REVERSAL,5,60,3.0,60.0,1.0,0.5,0.5,30,0.1,0,0.0,0.0,0.0,,,,0.0,0.0,0.0,0.0,0.0,0.0,0,0.0,,0,False,0.0,10000.0,365
18c88f29c3825e95,REVERSAL,5,240,2.0,30.0,0.0,0.25,0.5,30,0.1,1,-0.0015137725034106708,-4.150455536366948e-06,0.0015137725034106552,0.0,0.0,-0.0015137725034106435,-0.0015137725034106708,0.0,-0.0015137725034106708,0.0,0.0,0.0,0,-0.0015137725034106708,,0,False,0.5822201936194783,9984.862274965893,365
da2c268bc17830ee,REVERSAL,5,240,2.0,30.0,0.0,0.5,0.5,30,0.1,4,-0.01629793272760094,-4.501872618378755e-05,0.01629793272760071,0.0,0.0,-0.004382784802900489,-0.0015137725034106708,-0.014806574008794371,-0.0015137725034106708,0.0,-0.006112280054849539,-0.008747762729601538,0,-0.016297932727600828,,0,False,2.171317218790174,9837.020672723991,365
ac829155d8bc8b14,REVERSAL,5,240,2.0,30.0,1.0,0.25,0.5,30,0.1,1,-0.0015137725034106708,-4.150455536366948e-06,0.0015137725034106552,0.0,0.0,-0.0015137725034106435,-0.0015137725034106708,0.0,-0.0015137725034106708,0.0,0.0,0.0,0,-0.0015137725034106708,,0,False,0.5822201936194783,9984.862274965893,365
103024034be540e4,REVERSAL,5,240,2.0,30.0,1.0,0.5,0.5,30,0.1,1,-0.0015137725034106708,-4.150455536366948e-06,0.0015137725034106552,0.0,0.0,-0.0015137725034106435,-0.0015137725034106708,0.0,-0.0015137725034106708,0.0,0.0,0.0,0,-0.0015137725034106708,,0,False,0.5822201936194783,9984.862274965893,365
06fd529dbf5ad053,REVERSAL,5,240,2.0,60.0,0.0,0.25,0.5,30,0.1,1,-0.0015137725034106708,-4.150455536366948e-06,0.0015137725034106552,0.0,0.0,-0.0015137725034106435,-0.0015137725034106708,0.0,-0.0015137725034106708,0.0,0.0,0.0,0,-0.0015137725034106708,,0,False,0.5822201936194783,9984.862274965893,365
890dfcb79d7b0d9b,REVERSAL,5,240,2.0,60.0,0.0,0.5,0.5,30,0.1,1,-0.0015137725034106708,-4.150455536366948e-06,0.0015137725034106552,0.0,0.0,-0.0015137725034106435,-0.0015137725034106708,0.0,-0.0015137725034106708,0.0,0.0,0.0,0,-0.0015137725034106708,,0,False,0.5822201936194783,9984.862274965893,365
a96bd586fb2834e6,REVERSAL,5,240,2.0,60.0,1.0,0.25,0.5,30,0.1,1,-0.0015137725034106708,-4.150455536366948e-06,0.0015137725034106552,0.0,0.0,-0.0015137725034106435,-0.0015137725034106708,0.0,-0.0015137725034106708,0.0,0.0,0.0,0,-0.0015137725034106708,,0,False,0.5822201936194783,9984.862274965893,365
2903a125f6db7258,REVERSAL,5,240,2.0,60.0,1.0,0.5,0.5,30,0.1,1,-0.0015137725034106708,-4.150455536366948e-06,0.0015137725034106552,0.0,0.0,-0.0015137725034106435,-0.0015137725034106708,0.0,-0.0015137725034106708,0.0,0.0,0.0,0,-0.0015137725034106708,,0,False,0.5822201936194783,9984.862274965893,365
729e95bb797d260c,REVERSAL,5,240,3.0,30.0,0.0,0.25,0.5,30,0.1,0,0.0,0.0,0.0,,,,0.0,0.0,0.0,0.0,0.0,0.0,0,0.0,,0,False,0.0,10000.0,365
935c96151fd87edd,REVERSAL,5,240,3.0,30.0,0.0,0.5,0.5,30,0.1,0,0.0,0.0,0.0,,,,0.0,0.0,0.0,0.0,0.0,0.0,0,0.0,,0,False,0.0,10000.0,365
1773f573545d6934,REVERSAL,5,240,3.0,30.0,1.0,0.25,0.5,30,0.1,0,0.0,0.0,0.0,,,,0.0,0.0,0.0,0.0,0.0,0.0,0,0.0,,0,False,0.0,10000.0,365
9a46de120bd53e6c,REVERSAL,5,240,3.0,30.0,1.0,0.5,0.5,30,0.1,0,0.0,0.0,0.0,,,,0.0,0.0,0.0,0.0,0.0,0.0,0,0.0,,0,False,0.0,10000.0,365
fc901f0f401acb4d,REVERSAL,5,240,3.0,60.0,0.0,0.25,0.5,30,0.1,0,0.0,0.0,0.0,,,,0.0,0.0,0.0,0.0,0.0,0.0,0,0.0,,0,False,0.0,10000.0,365
1c892fca67f9fa25,REVERSAL,5,240,3.0,60.0,0.0,0.5,0.5,30,0.1,0,0.0,0.0,0.0,,,,0.0,0.0,0.0,0.0,0.0,0.0,0,0.0,,0,False,0.0,10000.0,365
23204953a241e215,REVERSAL,5,240,3.0,60.0,1.0,0.25,0.5,30,0.1,0,0.0,0.0,0.0,,,,0.0,0.0,0.0,0.0,0.0,0.0,0,0.0,,0,False,0.0,10000.0,365
8abd340788054b71,REVERSAL,5,240,3.0,60.0,1.0,0.5,0.5,30,0.1,0,0.0,0.0,0.0,,,,0.0,0.0,0.0,0.0,0.0,0.0,0,0.0,,0,False,0.0,10000.0,365
